Height,Weight
73.84702,241.8936
68.7819,162.3105
74.11011,212.7409
71.73098,220.0425
69.8818,206.3498
67.25302,152.2122
68.78508,183.9279
68.34852,167.9711
67.01895,175.9294